{
    "name": "ap-guia-aventureiro",
    "title": "Guia do Aventureiro #0101",
    "description": "Diretório do Guia do Aventureiro para Arcana Primária.",
    "version": "1.0.0",
    "library": "false",
    "manifestPlusVersion": "1.0.0",
    "minimumCoreVersion": "9",
    "compatibleCoreVersion": "9",
    "author": "@shotdavez",
    "packs": [
        {
            "type": "JournalEntry",
            "label": "[AP] Guia do Aventureiro",
            "module": "ap-guia-aventureiro",
            "path": "packs/world-ap-guia-do-aventureiro-1657241789291.db",
            "name": "world-ap-guia-do-aventureiro-1657241789291"
        }
    ],
    "manifest": "https://shotdavez.duckdns.org/compendium2module/ap-guia-aventureiro/module.json",
    "download": "https://shotdavez.duckdns.org/compendium2module/ap-guia-aventureiro/module-zip.txt"
}